X,Y,treeID,dbh_cm_f,h_m_f,dbh_cm_mls,h_m_mls,cw_m_mls,h_m_tt,ca_m2,cw_avg_m,cw_pi_m,icw_m,h_m_tls,dbh_cm_tls
753974.669353,3388851.73263,318,20.8,9.2,26.5,8.9,5.7,9.08,24.875,5.829,5.62777342075,5.72838671037,0.0,0.0
753809.3796599999,3388703.9168,351,66.0,12.6,75.0,13.2,17.7,13.474,212.375,17.0465,16.4439730088,16.7452365044,0.0,0.0
753746.5855809998,3388615.43157,356,54.1,10.7,63.0,10.1,11.9,10.39,78.25,10.6095,9.98153266666,10.2955163333,0.0,0.0
753783.5015709999,3388400.41556,386,27.900000000000002,9.9,26.0,8.3,7.9,8.813,87.625,10.8235,10.5625572239,10.6930286119,0.0,0.0
753836.0698929998,3388349.51418,395,69.1,14.5,78.0,14.2,16.2,14.344,170.375,15.063,14.7284821837,14.8957410918,14.016836,77.5604602874
753823.2768559998,3388185.90312,411,50.0,9.0,51.0,8.86,12.7,9.021,113.625,12.3685,12.0279608941,12.1982304471,7.8604162,55.1985054145
753773.456265,3388215.38064,404,86.4,12.9,92.5,12.2,18.3,12.493,130.625,13.4955,12.8963915702,13.1959457851,0.0,0.0
753828.631823,3388124.78269,424,33.5,10.1,41.0,9.0,8.7,9.122,121.625,13.807,12.444185776,13.125592888,0.0,0.0
753879.7933529998,3388346.68067,396,56.10000000000001,13.1,61.0,12.9,13.7,13.068,215.625,17.1585,16.5693173315,16.8639086658,9.1068013,26.5165042945
753864.535903,3388382.86093,392,86.9,15.0,86.5,12.8,16.2,13.46,126.375,13.78,12.6848589849,13.2324294924,0.0,0.0
753791.819578,3388521.85419,376,23.599999999999998,9.0,34.0,8.8,9.9,9.305,65.75,9.312,9.14961748197,9.23080874098,0.0,0.0
754074.6756929999,3388876.32427,310,49.8,10.0,52.0,9.2,13.7,9.562,121.375,12.839,12.4313896947,12.6351948474,8.4540066,53.764532919
754465.632251,3389198.93331,244,54.3317973614,10.8999996185,0.0,0.0,0.0,9.353,136.625,14.0695,13.1892514116,13.6293757058,8.349826,47.5985819116
754534.0178969998,3389238.97618,233,53.361600637399995,10.1000003815,0.0,0.0,0.0,9.626,149.25,13.976,13.7851732688,13.8805866344,8.6633804,52.29125165839999
754538.222057,3389255.71995,232,44.1446006298,9.0,0.0,0.0,0.0,11.5,168.75,15.208,14.6580753571,14.9330376785,7.2778598,44.1941738242
754544.216309,3389262.723,228,56.27220273020001,12.0,0.0,0.0,0.0,10.436,169.0,16.1335,14.6689291722,15.4012145861,8.940763,53.764532919
754855.342588,3389491.03829,218,19.4041803479,8.80000019073,0.0,0.0,0.0,8.223,23.375,5.6625,5.4554536345,5.55897681725,7.3989088,19.7642353761
754859.8048959998,3389500.80784,215,26.195600628799998,9.0,0.0,0.0,0.0,8.848,21.125,5.3035,5.18624964522,5.24487482261,0.0,0.0
754880.877706,3389565.69767,177,31.046599149800002,8.80000019073,0.0,0.0,0.0,8.116,53.0,8.4275,8.21472433323,8.32111216662,0.0,0.0
754623.7688609998,3389676.71916,125,63.0635976792,12.8999996185,0.0,0.0,0.0,15.095,313.375,21.1035,19.9750204588,20.5392602294,12.099736,64.3476883812
754614.7906299998,3389679.46019,125,85.3784024716,14.0,0.0,0.0,0.0,15.095,313.375,21.1035,19.9750204588,20.5392602294,14.1184492,77.5604602874
754578.922262,3389701.34134,114,67.4296021462,10.3999996185,0.0,0.0,0.0,10.973,151.375,14.2685,13.8829620789,14.0757310395,10.065317,63.737743919900005
754803.5102089999,3389745.36264,103,53.361600637399995,8.80000019073,0.0,0.0,0.0,9.304,72.875,10.305,9.6326181188,9.9688090594,8.8412164,50.775240029
754619.4738529999,3389796.08118,100,80.5274009704,10.8000001907,0.0,0.0,0.0,11.026,146.875,13.7235,13.6750523996,13.6992761998,0.0,0.0
754633.3891829998,3389814.74115,95,88.2889986038,13.6999998093,0.0,0.0,0.0,11.733,183.875,16.25,15.3008797554,15.7754398777,10.68164,76.546554462
754658.43955,3389831.38175,90,63.0635976792,11.0,0.0,0.0,0.0,9.231,86.375,10.6895,10.4869473955,10.5882236978,8.9538634,57.9601155968
754668.503667,3389839.13178,88,67.9145991802,12.1,0.0,0.0,0.0,10.297,120.75,12.4675,12.3993417175,12.4334208587,8.888025,61.2372435696
754687.711366,3389855.07868,85,84.4081997872,12.0,0.0,0.0,0.0,11.017,180.125,15.414,15.1440507459,15.279025373,9.6122084,85.69568250500001
754725.1961199999,3389884.10608,78,49.480599165,11.1000003815,0.0,0.0,0.0,10.632,73.5,10.375,9.6738361852,10.0244180926,10.198915,48.4122918276
754741.914385,3389896.91482,74,56.757199764199996,11.8,0.0,0.0,0.0,10.786,107.25,12.072,11.6856724741,11.8788362371,10.1546062,53.033008589
754757.824018,3389923.57264,72,48.5103994608,10.1000003815,0.0,0.0,0.0,11.216,112.875,13.012,11.9881989311,12.5000994656,7.8800659,49.212549212599995
754755.625342,3389929.46952,72,57.2423994542,13.3999996185,0.0,0.0,0.0,11.216,112.875,13.012,11.9881989311,12.5000994656,10.3935167,62.5
754747.3198809999,3389940.24851,69,52.391397952999995,12.1000003815,0.0,0.0,0.0,10.733,72.5,10.0055,9.60780240187,9.80665120093,7.179655,57.2821961869
754761.4195929999,3389943.88427,67,64.03380036360001,14.1,0.0,0.0,0.0,12.266,183.875,15.843,15.3008797554,15.5719398777,10.832472,66.7317390752
754739.9790819999,3389969.89728,56,70.825201273,12.6999998093,0.0,0.0,0.0,11.813,193.5,16.482,15.6962368709,16.0891184354,10.0978306,70.156076002
754727.0607229999,3389964.49815,55,59.1827988624,9.65,0.0,0.0,0.0,10.845,148.875,14.3105,13.7678443201,14.03917216,7.359752,55.1985054145
754704.316525,3389996.89548,45,65.4892027378,11.8999996185,0.0,0.0,0.0,11.231,237.375,18.308,17.3849140617,17.8464570308,9.6681445,65.5505530106
754690.2718409998,3390011.99658,43,63.0635976792,12.3000001907,0.0,0.0,0.0,11.019,161.0,15.2825,14.3175265567,14.8000132784,8.268711,64.9519052838
754694.607792,3390090.80718,34,54.3308019638,10.6000003815,0.0,0.0,0.0,10.608,183.125,15.2785,15.2696428128,15.2740714064,8.900662,8.83883476483
754721.837792,3390096.30899,33,75.6763994694,14.5,0.0,0.0,0.0,14.122,320.875,20.672,20.2126380989,20.4423190494,0.0,0.0
754726.938378,3390101.01662,33,98.9614009858,15.1,0.0,0.0,0.0,14.122,320.875,20.672,20.2126380989,20.4423190494,0.0,0.0
754706.586491,3390113.77518,32,57.2423994542,13.1000003815,0.0,0.0,0.0,11.941,197.25,16.0975,15.8476023486,15.9725511743,10.6562159,50.775240029
754717.065901,3390123.27884,30,66.45939946179999,11.55,0.0,0.0,0.0,12.568,177.875,15.4505,15.0491688814,15.2498344407,10.75294,64.3476883812
754753.833575,3390141.55306,26,72.2805976868,13.1000003815,0.0,0.0,0.0,12.706,158.5,15.319,14.2059307277,14.7624653639,11.895694,62.5
754742.8442819999,3390143.97043,25,66.94440245620001,15.3999996185,0.0,0.0,0.0,13.26,308.5,22.2475,19.8190413378,21.0332706689,12.832998,69.5970545354
754758.61649,3390158.97411,24,57.2423994542,13.6000003815,0.0,0.0,0.0,11.855,141.5,14.1785,13.4224958774,13.8004979387,10.6688241,58.6301969978
754776.956596,3390160.21176,23,52.391397952999995,10.6000003815,0.0,0.0,0.0,9.116,121.875,13.7675,12.4569687129,13.1122343565,8.5256688,50.0
754784.961033,3390166.10355,21,50.450801849399994,8.89999961853,0.0,0.0,0.0,8.351,154.0,15.1505,14.0028172126,14.5766586063,7.4327168,12.5
754798.797334,3390193.58393,15,60.1530015468,11.3999996185,0.0,0.0,0.0,11.219,192.375,16.9795,15.6505417612,16.3150208806,0.0,0.0
754803.80416,3390197.84248,15,51.9061982632,13.1000003815,0.0,0.0,0.0,11.219,192.375,16.9795,15.6505417612,16.3150208806,0.0,0.0
754832.220339,3390172.44315,20,43.65940094,17.1,0.0,0.0,0.0,17.772,139.5,13.271,13.3272996699,13.2991498349,0.0,0.0
754827.603172,3390167.72534,20,37.838199734599996,18.2,0.0,0.0,0.0,17.772,139.5,13.271,13.3272996699,13.2991498349,0.0,0.0
754826.251428,3390216.09481,13,58.2126021386,11.3000001907,0.0,0.0,0.0,12.008,198.25,18.5465,15.8877229251,17.2171114625,9.184725,72.3489806424
754836.7004729998,3390211.18428,13,56.27220273020001,13.1000003815,0.0,0.0,0.0,12.008,198.25,18.5465,15.8877229251,17.2171114625,11.1905294,60.5959982177
754841.0636129999,3390231.22609,11,55.30200004580001,12.5,0.0,0.0,0.0,10.791,148.875,14.3535,13.7678443201,14.06067216,10.0272072,57.2821961869
754849.756775,3390222.01384,11,44.6296006442,12.5,0.0,0.0,0.0,10.791,148.875,14.3535,13.7678443201,14.06067216,9.686518,47.5985819116
754857.481591,3390228.40565,12,64.03380036360001,10.6,0.0,0.0,0.0,11.47,239.5,20.65,17.4625562551,19.0562781276,8.4690576,67.3145600892
754860.179796,3390245.82894,8,55.7869970798,10.3999996185,0.0,0.0,0.0,10.949,236.875,18.217,17.3665948637,17.7917974318,10.2104222,58.6301969978
754864.6351619998,3390234.44708,12,53.361600637399995,12.6999998093,0.0,0.0,0.0,11.47,239.5,20.65,17.4625562551,19.0562781276,10.0182552,55.9016994375
754875.2930959999,3390250.83875,8,59.1827988624,11.6000003815,0.0,0.0,0.0,10.949,236.875,18.217,17.3665948637,17.7917974318,0.0,0.0
754862.508462,3390263.32844,6,46.0850000382,9.0,0.0,0.0,0.0,10.008,138.125,13.903,13.2614558822,13.5822279411,8.847029,61.8718433538
754889.910964,3390275.08804,5,53.361600637399995,10.5,0.0,0.0,0.0,11.791,106.0,11.974,11.6173745632,11.7956872816,8.6036298,63.737743919900005
754870.934752,3390281.17767,4,85.3784024716,14.45,0.0,0.0,0.0,12.867,174.375,16.061,14.9003740092,15.4806870046,0.0,0.0
